,tpr_A_uniform,tpr_B_uniform,tpr_gap_uniform,tpr_gap_optimal,auc_A,auc_B,auc_all,ppv_A,ppv_B,tau_A,tau_B,bias_importance
Random Forest (Baseline),0.7586206896551724,0.9710144927536232,0.2123938030984508,0.0,0.49898580121703856,0.5271556141121359,0.5468011345729593,0.43137254901960786,0.5775862068965517,0.35831755435033585,0.3615034030424678,0.04750358114071878
Random Forest (Bayesian Tuned),1.0,1.0,0.0,0.0,0.45537525354969577,0.48184746010832963,0.5178965377515645,0.4603174603174603,0.5822784810126582,0.44547726027293694,0.4573891336542376,0.07664297465426326
XGBoost,0.6206896551724138,0.8115942028985508,0.19090454772613696,0.0,0.4837728194726167,0.5203484116527595,0.5277114943046238,0.46153846153846156,0.5833333333333334,0.1595340073108673,0.1229223981499672,0.0
LightGBM,0.4482758620689655,0.7753623188405797,0.3270864567716142,0.0,0.4645030425963489,0.5055628751280925,0.5154202872450587,0.3939393939393939,0.5879120879120879,0.10037383787357994,0.13754928026526822,22.0
