,tpr_A_uniform,tpr_B_uniform,tpr_gap_uniform,tpr_gap_optimal,auc_A,auc_B,auc_all,ppv_A,ppv_B,tau_A,tau_B,bias_importance
Random Forest (Baseline),0.35294117647058826,0.9333333333333333,0.580392156862745,0.0,0.4232424677187948,0.49501366120218576,0.5415341901392683,0.25,0.5,0.2594617237490715,0.3608336777410971,0.3341096889249415
Random Forest (Bayesian Tuned),1.0,1.0,0.0,0.0,0.406025824964132,0.46314890710382517,0.535376830415118,0.30357142857142855,0.49586776859504134,0.40399574742558114,0.44605935209710845,0.28129368167761604
XGBoost,0.4117647058823529,0.6666666666666666,0.2549019607843137,0.0,0.4490674318507891,0.5049180327868853,0.5126057946352603,0.25,0.49079754601226994,0.13920341432094574,0.06878774613142014,0.2572934031486511
LightGBM,0.4117647058823529,0.65,0.2382352941176471,0.0,0.430416068866571,0.4756830601092896,0.49129013479020195,0.28,0.49056603773584906,0.0684313497059382,0.10243752943757219,266.0
